Date,daily_rmse
2025-01-01,51.69325664905438
2025-01-02,697.5562672141458
2025-01-03,501.25141711487476
2025-01-04,897.1217411422917
2025-01-05,522.4195275064956
2025-01-06,176.42554546726416
2025-01-07,193.75612964105173
2025-01-08,609.0636410859909
2025-01-09,902.0173850569421
2025-01-10,801.2765230633588
2025-01-11,488.6119409357629
2025-01-12,782.6267098753511
2025-01-13,785.3571537387652
2025-01-14,479.72056979798856
2025-01-15,1757.6771733587918
2025-01-16,915.1094171315417
2025-01-17,948.0487911260456
2025-01-18,986.0740450363269
2025-01-19,944.2845175329765
2025-01-20,1944.9276516937775
2025-01-21,1288.170447835725
2025-01-22,1195.2109718407698
2025-01-23,646.329305685073
2025-01-24,321.58497731879527
2025-01-25,712.4371777901465
2025-01-26,732.0162620705414
2025-01-27,374.3474578074973
2025-01-28,782.8312059436593
2025-01-29,784.9426499106387
2025-01-30,919.4720618404476
2025-01-31,1030.291867726095
2025-02-01,987.4905859600309
2025-02-02,1011.6718610530271
2025-02-03,1165.1654387033857
2025-02-04,1030.2950349613818
2025-02-05,890.6314660520193
2025-02-06,1087.5886177037928
2025-02-07,799.4593176424023
2025-02-08,753.745033744124
2025-02-09,831.1439166743494
2025-02-10,572.8549886477324
2025-02-11,567.6874937308604
2025-02-12,1029.0019311778312
2025-02-13,1235.2335366035966
2025-02-14,1367.3913228424267
2025-02-15,973.1691975892361
2025-02-16,973.857873952372
2025-02-17,1170.4734825405017
2025-02-18,983.675942554649
2025-02-19,818.1777109663144
2025-02-20,518.1424447051579
2025-02-21,578.890553088958
2025-02-22,495.2886484517221
2025-02-23,634.8013736260893
2025-02-24,382.5134823991405
2025-02-25,1064.2230579318025
2025-02-26,998.8645648697204
2025-02-27,940.6764011879861
2025-02-28,954.968010318526
2025-03-01,896.2997723474809
2025-03-02,452.01706318439045
2025-03-03,467.2165086244526
2025-03-04,283.0189782605234
2025-03-05,194.74317183498272
2025-03-06,653.4159481276529
2025-03-07,849.855761311187
2025-03-08,745.027001809723
2025-03-09,627.763437128394
2025-03-10,850.666087708021
2025-03-11,941.4060975804806
2025-03-12,939.1702273009448
2025-03-13,934.8495933788097
2025-03-14,897.8926789629852
2025-03-15,687.2416402538197
2025-03-16,352.5294398798536
2025-03-17,775.2095960736234
2025-03-18,735.1076811515477
2025-03-19,933.635332592756
2025-03-20,931.3304949200337
2025-03-21,599.1740348558087
2025-03-22,100.49304403902606
2025-03-23,208.1451397262049
2025-03-24,974.064494048608
2025-03-25,732.581762159228
2025-03-26,814.033343682145
2025-03-27,706.2126377154913
2025-03-28,676.2303323936131
2025-03-29,640.0454264046755
2025-03-30,206.78541997412117
2025-03-31,813.5077255511665
2025-04-01,734.1460853873587
2025-04-02,565.0460436160407
2025-04-03,715.6250122274336
2025-04-04,721.5099823166685
2025-04-05,488.35972277174994
2025-04-06,511.33578602243983
2025-04-07,770.9199222032886
2025-04-08,794.7574347482512
2025-04-09,725.5665224310848
2025-04-10,533.6957439747966
2025-04-11,489.6644688981005
2025-04-12,564.3254622196636
2025-04-13,422.0437864626502
2025-04-14,741.3792789091127
2025-04-15,330.54299860258453
2025-04-16,656.5278448897259
2025-04-17,703.5947375326575
2025-04-18,622.3325966472269
2025-04-19,574.2633939582464
2025-04-20,634.1896042336763
2025-04-21,653.0387691752333
2025-04-22,888.7907510292841
2025-04-23,807.7851957136561
2025-04-24,708.7571725961953
2025-04-25,665.5158253884678
2025-04-26,498.7194354891448
2025-04-27,480.651416360527
2025-04-28,684.2370855450929
2025-04-29,644.6683339652716
2025-04-30,659.4020327578259
2025-05-01,550.8600342730778
2025-05-02,527.5410115255829
2025-05-03,451.5542012224419
2025-05-04,393.219383444401
2025-05-05,586.0430874654176
2025-05-06,657.1306112797683
2025-05-07,743.0303332411074
2025-05-08,787.9250796188198
2025-05-09,704.5316490974611
2025-05-10,607.932617766721
2025-05-11,526.4543307287163
2025-05-12,680.2390969147064
2025-05-13,701.6586711451394
2025-05-14,596.221051807836
2025-05-15,424.6875555460148
2025-05-16,540.3751855403028
2025-05-17,487.5136264734109
2025-05-18,573.5181727857836
2025-05-19,733.7656304660594
2025-05-20,605.5816016755725
2025-05-21,336.6098263064318
2025-05-22,357.87755079278406
2025-05-23,634.2240214085948
2025-05-24,472.3618903507481
2025-05-25,261.74223299595764
2025-05-26,623.2163312227074
2025-05-27,450.93513257962826
2025-05-28,650.5292434569373
2025-05-29,447.2683355355943
2025-05-30,208.80954253293163
2025-05-31,634.7310396098511
2025-06-01,311.3898100197363
2025-06-02,664.1091316625152
2025-06-03,559.1135842682162
2025-06-04,636.9846311301899
2025-06-05,619.2771122277125
2025-06-06,473.5248048340387
2025-06-07,514.5381777087701
2025-06-08,278.52839897534096
2025-06-09,477.55128811821373
2025-06-10,469.08205824018916
2025-06-11,670.0551330300711
2025-06-12,549.8574726354299
2025-06-13,460.865224209197
2025-06-14,465.3299301649637
2025-06-15,571.0457882010608
2025-06-16,459.67070428724526
2025-06-17,583.3224190621033
2025-06-18,493.77283700176196
2025-06-19,525.2444354442722
2025-06-20,762.4121036979521
2025-06-21,682.1746634004047
2025-06-22,483.1428022533006
2025-06-23,213.9788174317634
2025-06-24,286.8085163509809
2025-06-25,750.604760932549
2025-06-26,661.7114319439007
2025-06-27,473.2587648587469
2025-06-28,297.50728357474725
2025-06-29,365.4818145284407
2025-06-30,869.3895748141645
2025-07-01,1299.1016992300856
2025-07-02,813.3837492148486
2025-07-03,472.05622613168106
2025-07-04,561.3722997241991
2025-07-05,428.7424496807145
2025-07-06,605.4981116960095
2025-07-07,734.9967697848666
2025-07-08,675.7934054038232
2025-07-09,696.7126300503054
2025-07-10,685.9359185439532
2025-07-11,637.4586207966244
2025-07-12,382.88623363979076
2025-07-13,551.9218970643298
2025-07-14,733.3984423297841
2025-07-15,681.0036925555086
2025-07-16,708.030988621808
2025-07-17,687.1719637940138
2025-07-18,752.2045903449841
2025-07-19,586.7621817870265
2025-07-20,589.8526780088068
2025-07-21,681.9732720925999
2025-07-22,590.424941767543
2025-07-23,549.4815524000448
2025-07-24,766.4465358381187
2025-07-25,709.8522730394407
2025-07-26,658.6028460958504
2025-07-27,610.2434447098185
2025-07-28,565.7474341376748
2025-07-29,446.4951554190549
2025-07-30,381.111630996404
2025-07-31,620.9666863877887
2025-08-01,691.817172554297
2025-08-02,555.169214635401
2025-08-03,393.25743353943886
2025-08-04,462.46439376841977
2025-08-05,114.30021914561794
2025-08-06,438.2973944419941
2025-08-07,611.7447215247471
2025-08-08,652.547272906551
2025-08-09,565.169902124063
2025-08-10,523.2770838083802
2025-08-11,716.9444106240313
2025-08-12,685.9044177094746
2025-08-13,795.2598384813562
2025-08-14,861.6903631477803
2025-08-15,598.0369318880223
2025-08-16,523.1416826659506
2025-08-17,556.7260735334471
2025-08-18,744.5420901807107
2025-08-19,642.6842823343051
2025-08-20,672.7387903894712
2025-08-21,678.0797096772537
2025-08-22,572.1131818550735
2025-08-23,582.5896288459944
2025-08-24,565.2312527614131
2025-08-25,752.8866134142203
2025-08-26,787.8331476401295
2025-08-27,835.3356655844459
2025-08-28,872.5333625826925
2025-08-29,725.9925195944866
2025-08-30,586.5568264966125
2025-08-31,525.1931764988742
2025-09-01,825.9982522632545
2025-09-02,990.5897676991775
2025-09-03,531.1916787133069
2025-09-04,856.242618518672
2025-09-05,751.9361498779067
2025-09-06,632.6755413338176
2025-09-07,471.49014930446054
2025-09-08,1095.4238201357148
2025-09-09,1164.8605454536955
2025-09-10,965.6708125479722
2025-09-11,578.3210479832502
2025-09-12,516.5763879077243
2025-09-13,526.3853559995422
2025-09-14,588.3815772291828
2025-09-15,143.21397795144185
2025-09-16,324.1646923585812
2025-09-17,556.7406776864334
2025-09-18,552.677611589643
2025-09-19,949.0073509977516
2025-09-20,492.7883832775539
2025-09-21,413.85451798743486
2025-09-22,712.5632345944131
2025-09-23,773.2724007200836
2025-09-24,633.5499540412914
2025-09-25,637.589233538416
2025-09-26,690.5590216333679
2025-09-27,684.0708671174428
2025-09-28,674.293711169355
2025-09-29,1119.1074865876717
2025-09-30,1117.7127838229464
2025-10-01,968.7501472146697
2025-10-02,785.0463262238525
2025-10-03,500.1891474267587
2025-10-04,17.65037693451158
2025-10-05,63.91226297718681
2025-10-06,740.3781043359069
2025-10-07,1078.6974790681636
2025-10-08,891.2330694829694
2025-10-09,652.0751867910311
2025-10-10,474.6012669174556
2025-10-11,592.9654137924093
2025-10-12,617.3043413140599
2025-10-13,1125.760495018825
2025-10-14,1388.7636932828182
2025-10-15,1124.6113638398717
2025-10-16,731.8288311200068
2025-10-17,770.9333186660402
2025-10-18,704.1617801809672
2025-10-19,536.7779455673536
2025-10-20,527.0362923291553
2025-10-21,449.0308318670494
2025-10-22,1011.401883393089
2025-10-23,563.5463101405245
2025-10-24,325.2399017434005
2025-10-25,138.8173084642259
2025-10-26,119.03860638922708
2025-10-27,583.0140727657839
2025-10-28,586.567275054535
2025-10-29,662.1151709489117
2025-10-30,522.8687584267105
2025-10-31,681.3900813191244
2025-11-01,334.81697672851493
2025-11-02,628.7679627725144
2025-11-03,549.9856720808219
2025-11-04,519.7626788196181
2025-11-05,685.1333520919685
2025-11-06,787.9092972383121
2025-11-07,830.0321988400561
2025-11-08,782.2225326604297
2025-11-09,722.1049590554162
2025-11-10,841.704434191074
2025-11-11,658.8646672676538
2025-11-12,358.28527321307706
2025-11-13,415.7355089406642
2025-11-14,738.7885526988873
2025-11-15,622.6435356397825
2025-11-16,672.7432981198546
2025-11-17,663.1419773445718
2025-11-18,807.0113955035472
2025-11-19,911.3049703733606
2025-11-20,944.7460715794357
2025-11-21,1127.9688355405897
2025-11-22,517.6294823747292
2025-11-23,448.7445663871073
2025-11-24,1085.3511064664392
2025-11-25,1846.0304495590694
2025-11-26,1278.4315466034138
2025-11-27,496.17295969467295
2025-11-28,376.3050631710031
2025-11-29,523.8169753443957
2025-11-30,363.27607220042825
2025-12-01,466.77482875843367
2025-12-02,631.0311735375947
2025-12-03,1287.836489502085
2025-12-04,923.5574832194129
2025-12-05,1062.777378000644
2025-12-06,527.2412367836924
2025-12-07,588.4270037036048
2025-12-08,426.13049293550375
2025-12-09,641.8394072987942
2025-12-10,382.1646514256138
2025-12-11,428.13324033837443
2025-12-12,835.0947649588772
2025-12-13,628.9427568046887
2025-12-14,263.94087030930825
2025-12-15,538.1313726681368
2025-12-16,799.1257140433515
2025-12-17,780.4759303185899
2025-12-18,451.4129260852744
2025-12-19,483.93716766329976
2025-12-20,734.7632759819306
2025-12-21,654.2067418943927
2025-12-22,604.364868899439
2025-12-23,539.7282356369761
2025-12-24,509.21483729179965
2025-12-25,532.1703599528091
2025-12-26,716.1518476247539
2025-12-27,558.3517244650228
2025-12-28,534.0082739392367
2025-12-29,472.6347565359184
2025-12-30,564.5144416656843
2025-12-31,622.843933437947
