Date,daily_mae
2025-01-01,32.290416083333334
2025-01-02,602.4575010416667
2025-01-03,468.842497625
2025-01-04,886.9012515416666
2025-01-05,494.15458375
2025-01-06,164.84375016666667
2025-01-07,170.85791329166668
2025-01-08,524.9287522083333
2025-01-09,887.2933314166667
2025-01-10,771.9900005416666
2025-01-11,454.23333695833327
2025-01-12,738.2750004166666
2025-01-13,677.7154084583334
2025-01-14,387.6062538333333
2025-01-15,1581.0195862500002
2025-01-16,889.3774963333332
2025-01-17,923.9049925833333
2025-01-18,978.1745848333334
2025-01-19,939.1387521666667
2025-01-20,1708.7899998333335
2025-01-21,1234.7112390416669
2025-01-22,1153.3116710833335
2025-01-23,596.7754099583334
2025-01-24,300.3937475
2025-01-25,636.427498
2025-01-26,703.6304171666666
2025-01-27,344.45874687500003
2025-01-28,735.5837480833334
2025-01-29,752.8633271666666
2025-01-30,865.4808299166666
2025-01-31,1010.3333297083333
2025-02-01,977.5460827500001
2025-02-02,1003.1182835833333
2025-02-03,1134.8395182083334
2025-02-04,1002.6189797916667
2025-02-05,863.9957643333333
2025-02-06,1071.5560755833333
2025-02-07,777.5237912916667
2025-02-08,695.0938967916667
2025-02-09,812.8304117083334
2025-02-10,553.4233396666667
2025-02-11,548.8748352916667
2025-02-12,987.3822073333334
2025-02-13,1217.07041125
2025-02-14,1315.4067083333332
2025-02-15,963.8236538333334
2025-02-16,968.5389915
2025-02-17,1127.6013550416667
2025-02-18,960.13160575
2025-02-19,797.3890312916665
2025-02-20,496.1440260416666
2025-02-21,537.4336495833332
2025-02-22,463.8525847916667
2025-02-23,602.4692504999999
2025-02-24,333.7365815833333
2025-02-25,1029.723302
2025-02-26,986.4678527916666
2025-02-27,925.4452332083334
2025-02-28,945.4927745
2025-03-01,887.7872859166665
2025-03-02,350.7865779583333
2025-03-03,356.6298736666666
2025-03-04,235.38673420833334
2025-03-05,138.76728516666668
2025-03-06,552.0823464583333
2025-03-07,767.2435912499999
2025-03-08,651.9555758749999
2025-03-09,541.898441625
2025-03-10,822.5148810833334
2025-03-11,915.0276690833333
2025-03-12,915.0015895833334
2025-03-13,918.1902385416666
2025-03-14,886.8466969583333
2025-03-15,667.1249899999999
2025-03-16,285.39410525
2025-03-17,710.5016117916666
2025-03-18,636.0102351666666
2025-03-19,794.1755948333333
2025-03-20,787.9163323749999
2025-03-21,478.07139104166663
2025-03-22,80.10302387499999
2025-03-23,113.68569533333334
2025-03-24,947.1038325
2025-03-25,709.6234842499999
2025-03-26,783.4958385
2025-03-27,656.0184454583333
2025-03-28,570.2994402083333
2025-03-29,577.5112836666667
2025-03-30,128.60763329166664
2025-03-31,761.1755694999998
2025-04-01,664.953247
2025-04-02,468.6663874583333
2025-04-03,600.8945900833334
2025-04-04,619.4872839583333
2025-04-05,394.2340670833333
2025-04-06,406.5162790833333
2025-04-07,699.3588458333334
2025-04-08,723.9018659166667
2025-04-09,656.0209732083333
2025-04-10,406.8720283333334
2025-04-11,368.07563204166667
2025-04-12,477.9119455416667
2025-04-13,303.1662216666667
2025-04-14,705.2623215416667
2025-04-15,272.4173758333333
2025-04-16,604.5089720416667
2025-04-17,685.24184625
2025-04-18,608.7092689166666
2025-04-19,486.5080952916666
2025-04-20,517.5071973749999
2025-04-21,586.7091437916666
2025-04-22,827.5238817916667
2025-04-23,790.838827375
2025-04-24,701.0646487916665
2025-04-25,647.6260935416666
2025-04-26,411.4405300416667
2025-04-27,388.77905395833335
2025-04-28,561.2273225833333
2025-04-29,535.01663
2025-04-30,550.9155562083333
2025-05-01,435.68661025
2025-05-02,436.9339597916666
2025-05-03,368.87210283333326
2025-05-04,261.912697
2025-05-05,563.5708698333334
2025-05-06,608.8614835
2025-05-07,721.6200381250001
2025-05-08,761.6506718333331
2025-05-09,664.8989152083333
2025-05-10,496.87205612500003
2025-05-11,412.58601237499994
2025-05-12,613.8183686666666
2025-05-13,574.8056417083333
2025-05-14,489.51049016666667
2025-05-15,342.16521279166665
2025-05-16,397.608985375
2025-05-17,354.437811625
2025-05-18,461.46158074999994
2025-05-19,645.4296945
2025-05-20,523.5670610833332
2025-05-21,284.723672375
2025-05-22,263.3774954583333
2025-05-23,569.0161271666667
2025-05-24,376.597466625
2025-05-25,155.8813185
2025-05-26,495.7317320833333
2025-05-27,349.89049795833336
2025-05-28,623.9153203333334
2025-05-29,364.5240046249999
2025-05-30,156.89853329166667
2025-05-31,475.4510066666667
2025-06-01,229.76403445833333
2025-06-02,538.1448445
2025-06-03,439.11383141666664
2025-06-04,521.293529125
2025-06-05,559.9771671249999
2025-06-06,360.023900125
2025-06-07,435.73219924999995
2025-06-08,183.71061670833333
2025-06-09,304.705583125
2025-06-10,431.55786166666667
2025-06-11,528.3822663750001
2025-06-12,438.19475283333327
2025-06-13,379.01739733333335
2025-06-14,361.2930924583333
2025-06-15,460.41109283333327
2025-06-16,397.0460376666667
2025-06-17,460.16104737499995
2025-06-18,414.7025071666667
2025-06-19,366.516474125
2025-06-20,636.6786969583333
2025-06-21,571.1737662083333
2025-06-22,364.8773703333333
2025-06-23,142.57584162499998
2025-06-24,176.55547324999998
2025-06-25,556.897159625
2025-06-26,636.7692895833333
2025-06-27,385.69873325
2025-06-28,204.99787454166668
2025-06-29,220.69059183333331
2025-06-30,736.1604241250001
2025-07-01,1017.497918125
2025-07-02,738.2027331666667
2025-07-03,324.60788779166666
2025-07-04,481.76275562499995
2025-07-05,308.864777
2025-07-06,532.0010132916667
2025-07-07,708.5028359583333
2025-07-08,647.2616050416667
2025-07-09,670.0139515
2025-07-10,658.2483855833333
2025-07-11,582.0278668333334
2025-07-12,289.93817383333334
2025-07-13,428.8902420833333
2025-07-14,712.5235826666667
2025-07-15,653.4813152083333
2025-07-16,697.6569773749999
2025-07-17,669.7744770833333
2025-07-18,736.5069362499999
2025-07-19,499.27824574999994
2025-07-20,507.2602663333334
2025-07-21,656.427870625
2025-07-22,520.0759048333333
2025-07-23,476.06749708333336
2025-07-24,753.6999192083332
2025-07-25,703.1193979166666
2025-07-26,641.5505459583333
2025-07-27,569.1947328749999
2025-07-28,528.5137052499999
2025-07-29,316.143429125
2025-07-30,327.04277145833333
2025-07-31,577.8186855833333
2025-08-01,676.8261650416665
2025-08-02,472.3022795
2025-08-03,298.25947383333335
2025-08-04,376.40375770833333
2025-08-05,50.610580166666665
2025-08-06,281.01791049999997
2025-08-07,512.9908937083333
2025-08-08,555.8090420833333
2025-08-09,453.95428599999997
2025-08-10,415.03328929166656
2025-08-11,610.8946875416667
2025-08-12,616.9868459166667
2025-08-13,729.0046400833331
2025-08-14,767.6974095416666
2025-08-15,519.5311230416665
2025-08-16,438.1919694166666
2025-08-17,465.67580358333333
2025-08-18,673.9177783749999
2025-08-19,593.1284461249999
2025-08-20,648.7486398333332
2025-08-21,666.5633822916667
2025-08-22,513.7183027916666
2025-08-23,489.4052419583333
2025-08-24,460.5775212083333
2025-08-25,652.782151375
2025-08-26,747.351256625
2025-08-27,785.4786296666665
2025-08-28,844.0022142916665
2025-08-29,713.0181089583333
2025-08-30,520.0592066666667
2025-08-31,423.81872658333333
2025-09-01,741.7566272083333
2025-09-02,897.53551625
2025-09-03,447.971748875
2025-09-04,637.1744462083333
2025-09-05,733.1417099999999
2025-09-06,540.0705519166667
2025-09-07,377.02613966666667
2025-09-08,923.2782674583335
2025-09-09,1035.5341335416667
2025-09-10,900.377726
2025-09-11,484.8249439583333
2025-09-12,371.86177425000005
2025-09-13,436.92645258333323
2025-09-14,481.65396641666666
2025-09-15,75.45394004166666
2025-09-16,206.84997520833335
2025-09-17,477.8169072083333
2025-09-18,458.29436933333335
2025-09-19,702.6031953750002
2025-09-20,381.36072237499997
2025-09-21,261.4227394583333
2025-09-22,693.9919019999999
2025-09-23,745.3704684166665
2025-09-24,595.2151654166665
2025-09-25,594.848339
2025-09-26,676.44358675
2025-09-27,658.4402795
2025-09-28,626.3677008333333
2025-09-29,960.4536110833333
2025-09-30,989.9076236770834
2025-10-01,851.8783886145833
2025-10-02,745.6853104270834
2025-10-03,429.01965040625004
2025-10-04,15.477103614583333
2025-10-05,35.08925414583334
2025-10-06,675.46371928125
2025-10-07,1005.3641945625
2025-10-08,859.2543788645834
2025-10-09,611.7231533125
2025-10-10,460.0567658124999
2025-10-11,566.9551795624999
2025-10-12,601.6588505833333
2025-10-13,1027.36756675
2025-10-14,1237.350402625
2025-10-15,1048.8514775312499
2025-10-16,717.260856375
2025-10-17,759.6861320625
2025-10-18,693.6757316666666
2025-10-19,513.8458483854166
2025-10-20,510.5461677916666
2025-10-21,426.6025838541666
2025-10-22,895.7883947395834
2025-10-23,536.9440665208333
2025-10-24,259.3376198229167
2025-10-25,75.50909086458334
2025-10-26,70.90654308333335
2025-10-27,509.63657533333327
2025-10-28,530.4621558958333
2025-10-29,638.4962406354166
2025-10-30,506.17168393749995
2025-10-31,662.2208079999999
2025-11-01,293.45722702083333
2025-11-02,603.93740165625
2025-11-03,526.4433315416667
2025-11-04,440.68138492708334
2025-11-05,657.3791552708334
2025-11-06,771.93427015625
2025-11-07,808.6192482083334
2025-11-08,775.377655625
2025-11-09,717.8275836979166
2025-11-10,817.6033471458333
2025-11-11,641.47706828125
2025-11-12,328.6730562604167
2025-11-13,334.94572194791664
2025-11-14,719.48672915625
2025-11-15,604.3713832083332
2025-11-16,665.3758349374999
2025-11-17,647.3883034166666
2025-11-18,783.0784833125
2025-11-19,883.9870544583333
2025-11-20,919.3298511979168
2025-11-21,1065.6926213125
2025-11-22,503.6721673020833
2025-11-23,415.8367145833333
2025-11-24,1001.9280307812501
2025-11-25,1653.194648
2025-11-26,1186.279045
2025-11-27,462.66922751041665
2025-11-28,334.291450375
2025-11-29,505.0554457395833
2025-11-30,342.47826361458334
2025-12-01,435.62903568749994
2025-12-02,581.1071316666666
2025-12-03,1199.01385596875
2025-12-04,905.1534107291667
2025-12-05,1014.5433656979167
2025-12-06,524.389798875
2025-12-07,564.3234343854166
2025-12-08,391.92050808333335
2025-12-09,619.4793507916667
2025-12-10,360.51906640625
2025-12-11,404.411538
2025-12-12,821.6334838124999
2025-12-13,619.97533496875
2025-12-14,260.0102898854167
2025-12-15,502.62036887499994
2025-12-16,776.1446584166666
2025-12-17,768.4896746145832
2025-12-18,424.1850962291666
2025-12-19,418.5758071458333
2025-12-20,725.5689709479166
2025-12-21,650.101868375
2025-12-22,597.7179607708333
2025-12-23,535.0072343020832
2025-12-24,503.1382712604166
2025-12-25,512.66744528125
2025-12-26,709.5647950208335
2025-12-27,537.2786404166666
2025-12-28,501.0865120104166
2025-12-29,419.6049450520832
2025-12-30,531.9979619791667
2025-12-31,616.2331526249999
