Date,daily_rmse,fold,week,daily_mae,daily_smape
2025-01-01,51.69325664905438,1,1,32.290416083333334,70.8818784572936
2025-01-02,697.5562672141458,1,1,602.4575010416667,167.37476628421115
2025-01-03,501.25141711487476,1,1,468.842497625,182.81899642180298
2025-01-04,897.1217411422917,1,1,886.9012515416666,191.60706695920203
2025-01-05,522.4195275064956,1,1,494.15458375,183.56737739536416
2025-01-06,176.42554546726416,1,1,164.84375016666667,157.6618942295444
2025-01-07,193.75612964105173,1,1,170.85791329166668,148.12610758130342
2025-01-08,609.0636410859909,1,2,524.9287522083333,179.62234794931834
2025-01-09,902.0173850569421,1,2,887.2933314166667,191.5469167699262
2025-01-10,801.2765230633588,1,2,771.9900005416666,189.83784786703308
2025-01-11,488.6119409357629,1,2,454.23333695833327,182.67408420396688
2025-01-12,782.6267098753511,1,2,738.2750004166666,188.288277041608
2025-01-13,785.3571537387652,1,2,677.7154084583334,172.60366696798772
2025-01-14,479.72056979798856,1,2,387.6062538333333,155.77323688859337
2025-01-15,1757.6771733587918,1,3,1581.0195862500002,193.55392242246924
2025-01-16,915.1094171315417,1,3,889.3774963333332,191.39686512994075
2025-01-17,948.0487911260456,1,3,923.9049925833333,191.72040918472163
2025-01-18,986.0740450363269,1,3,978.1745848333334,192.43954785327446
2025-01-19,944.2845175329765,1,3,939.1387521666667,192.1727652864348
2025-01-20,1944.9276516937775,1,3,1708.7899998333335,194.61057075046824
2025-01-21,1288.170447835725,1,3,1234.7112390416669,193.5974200813702
2025-01-22,1195.2109718407698,1,4,1153.3116710833335,193.01354362138073
2025-01-23,646.329305685073,1,4,596.7754099583334,186.09502523250694
2025-01-24,321.58497731879527,1,4,300.3937475,174.4353074928857
2025-01-25,712.4371777901465,1,4,636.427498,183.69502097486014
2025-01-26,732.0162620705414,1,4,703.6304171666666,188.23988047077762
2025-01-27,374.3474578074973,1,4,344.45874687500003,175.07929607789478
2025-01-28,782.8312059436593,1,4,735.5837480833334,188.4610405231235
2025-01-29,784.9426499106387,1,5,752.8633271666666,189.47878869875757
2025-01-30,919.4720618404476,1,5,865.4808299166666,189.98638029019378
2025-01-31,1030.291867726095,1,5,1010.3333297083333,192.4941507165924
2025-02-01,987.4905859600309,1,5,977.5460827500001,192.39865523099564
2025-02-02,1011.6718610530271,1,5,1003.1182835833333,192.6144779180233
2025-02-03,1165.1654387033857,1,5,1134.8395182083334,193.24571131563332
2025-02-04,1030.2950349613818,1,5,1002.6189797916667,192.30459807734303
2025-02-05,890.6314660520193,1,6,863.9957643333333,191.13207482778964
2025-02-06,1087.5886177037928,1,6,1071.5560755833333,192.99750214332028
2025-02-07,799.4593176424023,1,6,777.5237912916667,190.19927713872954
2025-02-08,753.745033744124,1,6,695.0938967916667,187.83299493916718
2025-02-09,831.1439166743494,1,6,812.8304117083334,190.60125704037858
2025-02-10,572.8549886477324,1,6,553.4233396666667,186.51458974637097
2025-02-11,567.6874937308604,1,6,548.8748352916667,186.35867572884962
2025-02-12,1029.0019311778312,1,7,987.3822073333334,191.81478824567517
2025-02-13,1235.2335366035966,1,7,1217.07041125,193.79651195575215
2025-02-14,1367.3913228424267,1,7,1315.4067083333332,194.03657833293835
2025-02-15,973.1691975892361,1,7,963.8236538333334,192.30950904564497
2025-02-16,973.857873952372,1,7,968.5389915,192.40342382751646
2025-02-17,1170.4734825405017,1,7,1127.6013550416667,193.09617441861923
2025-02-18,983.675942554649,1,7,960.13160575,192.08779346607662
2025-02-19,818.1777109663144,1,8,797.3890312916665,190.52922518215098
2025-02-20,518.1424447051579,1,8,496.1440260416666,184.36996621010212
2025-02-21,578.890553088958,1,8,537.4336495833332,185.04966119967776
2025-02-22,495.2886484517221,1,8,463.8525847916667,183.1641138477701
2025-02-23,634.8013736260893,1,8,602.4692504999999,187.10554533983398
2025-02-24,382.5134823991405,1,8,333.7365815833333,160.58566403904607
2025-02-25,1064.2230579318025,1,8,1029.723302,192.45806830904655
2025-02-26,998.8645648697204,1,9,986.4678527916666,192.43739126740653
2025-02-27,940.6764011879861,1,9,925.4452332083334,191.90463051016567
2025-02-28,954.968010318526,1,9,945.4927745,192.15650997058938
2025-03-01,896.2997723474809,1,9,887.7872859166665,191.67293117921113
2025-03-02,452.01706318439045,1,9,350.7865779583333,157.30952032124387
2025-03-03,467.2165086244526,1,9,356.6298736666666,155.92374938307876
2025-03-04,283.0189782605234,1,9,235.38673420833334,152.92763083827083
2025-03-05,194.74317183498272,1,10,138.76728516666668,144.1022991048629
2025-03-06,653.4159481276529,1,10,552.0823464583333,178.92273038510592
2025-03-07,849.855761311187,1,10,767.2435912499999,183.68107022189693
2025-03-08,745.027001809723,1,10,651.9555758749999,175.01649078451612
2025-03-09,627.763437128394,1,10,541.898441625,166.26088849825805
2025-03-10,850.666087708021,1,10,822.5148810833334,190.65929477137811
2025-03-11,941.4060975804806,1,10,915.0276690833333,191.67641646889956
2025-03-12,939.1702273009448,1,11,915.0015895833334,191.70090525198046
2025-03-13,934.8495933788097,1,11,918.1902385416666,191.8234196571129
2025-03-14,897.8926789629852,1,11,886.8466969583333,191.6339158594355
2025-03-15,687.2416402538197,1,11,667.1249899999999,188.5477924425176
2025-03-16,352.5294398798536,1,11,285.39410525,157.95024082540223
2025-03-17,775.2095960736234,1,11,710.5016117916666,187.2488183817252
2025-03-18,735.1076811515477,1,11,636.0102351666666,181.3654780295343
2025-03-19,933.635332592756,1,12,794.1755948333333,183.85391895659714
2025-03-20,931.3304949200337,1,12,787.9163323749999,171.84720902276905
2025-03-21,599.1740348558087,1,12,478.07139104166663,164.42656473904347
2025-03-22,100.49304403902606,1,12,80.10302387499999,142.92688654031443
2025-03-23,208.1451397262049,1,12,113.68569533333334,107.92086894056636
2025-03-24,974.064494048608,1,12,947.1038325,191.95178719292934
2025-03-25,732.581762159228,1,12,709.6234842499999,189.219793266298
2025-03-26,814.033343682145,1,13,783.4958385,190.0751154054868
2025-03-27,706.2126377154913,1,13,656.0184454583333,183.43971539659972
2025-03-28,676.2303323936131,1,13,570.2994402083333,179.63280974360643
2025-03-29,640.0454264046755,1,13,577.5112836666667,173.88590648182236
2025-03-30,206.78541997412117,1,13,128.60763329166664,95.44639258786472
2025-03-31,813.5077255511665,1,13,761.1755694999998,189.14434387038764
2025-04-01,734.1460853873587,1,13,664.953247,184.5112854436805
2025-04-02,565.0460436160407,1,14,468.6663874583333,189.1711488117806
2025-04-03,715.6250122274336,1,14,600.8945900833334,190.31976548441315
2025-04-04,721.5099823166685,1,14,619.4872839583333,182.54788377104774
2025-04-05,488.35972277174994,1,14,394.2340670833333,177.64587358951616
2025-04-06,511.33578602243983,1,14,406.5162790833333,173.8722319230484
2025-04-07,770.9199222032886,1,14,699.3588458333334,186.35919994181452
2025-04-08,794.7574347482512,1,14,723.9018659166667,186.5366111215093
2025-04-09,725.5665224310848,1,15,656.0209732083333,180.74259792122115
2025-04-10,533.6957439747966,1,15,406.8720283333334,162.87179617148013
2025-04-11,489.6644688981005,1,15,368.07563204166667,156.32510217844845
2025-04-12,564.3254622196636,1,15,477.9119455416667,185.01369193660125
2025-04-13,422.0437864626502,1,15,303.1662216666667,163.3213948591556
2025-04-14,741.3792789091127,1,15,705.2623215416667,188.9694952897364
2025-04-15,330.54299860258453,1,15,272.4173758333333,149.50027753334268
2025-04-16,656.5278448897259,1,16,604.5089720416667,185.24342870934814
2025-04-17,703.5947375326575,1,16,685.24184625,188.95959572066755
2025-04-18,622.3325966472269,1,16,608.7092689166666,187.79131073399046
2025-04-19,574.2633939582464,1,16,486.5080952916666,168.47640274952568
2025-04-20,634.1896042336763,1,16,517.5071973749999,167.11951327814646
2025-04-21,653.0387691752333,1,16,586.7091437916666,177.4893970770135
2025-04-22,888.7907510292841,1,16,827.5238817916667,190.3446402396401
2025-04-23,807.7851957136561,1,17,790.838827375,190.53044652598442
2025-04-24,708.7571725961953,1,17,701.0646487916665,189.54804601381136
2025-04-25,665.5158253884678,1,17,647.6260935416666,188.18660666485553
2025-04-26,498.7194354891448,1,17,411.4405300416667,177.55530089790236
2025-04-27,480.651416360527,1,17,388.77905395833335,184.77151292677055
2025-04-28,684.2370855450929,1,17,561.2273225833333,182.1468498480112
2025-04-29,644.6683339652716,1,17,535.01663,178.49671262247213
2025-04-30,659.4020327578259,1,18,550.9155562083333,179.1542193173724
2025-05-01,550.8600342730778,1,18,435.68661025,176.59457398955965
2025-05-02,527.5410115255829,1,18,436.9339597916666,184.13481951925502
2025-05-03,451.5542012224419,1,18,368.87210283333326,183.41410293088043
2025-05-04,393.219383444401,1,18,261.912697,171.7371348103874
2025-05-05,586.0430874654176,1,18,563.5708698333334,186.47575998990612
2025-05-06,657.1306112797683,1,18,608.8614835,186.42564920194894
2025-05-07,743.0303332411074,1,19,721.6200381250001,189.47393962981602
2025-05-08,787.9250796188198,1,19,761.6506718333331,189.96269116556448
2025-05-09,704.5316490974611,1,19,664.8989152083333,187.65348448707957
2025-05-10,607.932617766721,1,19,496.87205612500003,159.8704502675342
2025-05-11,526.4543307287163,1,19,412.58601237499994,140.3815751029146
2025-05-12,680.2390969147064,1,19,613.8183686666666,184.3786671764786
2025-05-13,701.6586711451394,1,19,574.8056417083333,164.11270284841933
2025-05-14,596.221051807836,1,20,489.51049016666667,179.51492258995475
2025-05-15,424.6875555460148,1,20,342.16521279166665,176.628236523757
2025-05-16,540.3751855403028,1,20,397.608985375,162.71539339252647
2025-05-17,487.5136264734109,1,20,354.437811625,174.7797166321649
2025-05-18,573.5181727857836,1,20,461.46158074999994,179.81973244972588
2025-05-19,733.7656304660594,1,20,645.4296945,177.17174013636276
2025-05-20,605.5816016755725,1,20,523.5670610833332,181.32157000229248
2025-05-21,336.6098263064318,1,21,284.723672375,149.89126233265029
2025-05-22,357.87755079278406,1,21,263.3774954583333,140.830270463798
2025-05-23,634.2240214085948,1,21,569.0161271666667,174.61479821409316
2025-05-24,472.3618903507481,1,21,376.597466625,181.636660361463
2025-05-25,261.74223299595764,1,21,155.8813185,148.75137469204827
2025-05-26,623.2163312227074,1,21,495.7317320833333,188.822635544432
2025-05-27,450.93513257962826,1,21,349.89049795833336,163.97115368838016
2025-05-28,650.5292434569373,1,22,623.9153203333334,187.60863356928928
2025-05-29,447.2683355355943,1,22,364.5240046249999,145.53140009229188
2025-05-30,208.80954253293163,1,22,156.89853329166667,152.8970379561636
2025-05-31,634.7310396098511,1,22,475.4510066666667,184.92234436652382
2025-06-01,311.3898100197363,1,22,229.76403445833333,169.00296969170833
2025-06-02,664.1091316625152,1,22,538.1448445,173.14318697152126
2025-06-03,559.1135842682162,1,22,439.11383141666664,143.2548539114874
2025-06-04,636.9846311301899,1,23,521.293529125,171.67208811797678
2025-06-05,619.2771122277125,1,23,559.9771671249999,179.03208385569923
2025-06-06,473.5248048340387,1,23,360.023900125,157.29285213879376
2025-06-07,514.5381777087701,1,23,435.73219924999995,180.66730252403033
2025-06-08,278.52839897534096,1,23,183.71061670833333,128.9127492543413
2025-06-09,477.55128811821373,1,23,304.705583125,145.85576741468643
2025-06-10,469.08205824018916,1,23,431.55786166666667,179.12936080107096
2025-06-11,670.0551330300711,1,24,528.3822663750001,159.35514999142882
2025-06-12,549.8574726354299,1,24,438.19475283333327,154.6465159514371
2025-06-13,460.865224209197,1,24,379.01739733333335,169.36255416739954
2025-06-14,465.3299301649637,1,24,361.2930924583333,174.34494880858756
2025-06-15,571.0457882010608,1,24,460.41109283333327,174.1448665056635
2025-06-16,459.67070428724526,1,24,397.0460376666667,157.15211894920682
2025-06-17,583.3224190621033,1,24,460.16104737499995,169.94882970196971
2025-06-18,493.77283700176196,1,25,414.7025071666667,175.36735315782093
2025-06-19,525.2444354442722,1,25,366.516474125,142.0746864223486
2025-06-20,762.4121036979521,1,25,636.6786969583333,172.43475251781
2025-06-21,682.1746634004047,1,25,571.1737662083333,190.758258317606
2025-06-22,483.1428022533006,1,25,364.8773703333333,180.21062974231975
2025-06-23,213.9788174317634,1,25,142.57584162499998,125.0904648130047
2025-06-24,286.8085163509809,1,25,176.55547324999998,137.3501502890936
2025-06-25,750.604760932549,1,26,556.897159625,161.87837975948838
2025-06-26,661.7114319439007,1,26,636.7692895833333,187.94066879497285
2025-06-27,473.2587648587469,1,26,385.69873325,154.56104537470995
2025-06-28,297.50728357474725,1,26,204.99787454166668,157.60168897118777
2025-06-29,365.4818145284407,1,26,220.69059183333331,142.11845949263483
2025-06-30,869.3895748141645,1,26,736.1604241250001,183.66633868961551
2025-07-01,1299.1016992300856,1,26,1017.497918125,189.86425556343684
2025-07-02,813.3837492148486,1,27,738.2027331666667,188.19719700918853
2025-07-03,472.05622613168106,1,27,324.60788779166666,131.36855121249457
2025-07-04,561.3722997241991,1,27,481.76275562499995,178.37313307920428
2025-07-05,428.7424496807145,1,27,308.864777,142.42624004799643
2025-07-06,605.4981116960095,1,27,532.0010132916667,174.44793494911664
2025-07-07,734.9967697848666,1,27,708.5028359583333,189.00867268169517
2025-07-08,675.7934054038232,1,27,647.2616050416667,188.05954061280758
2025-07-09,696.7126300503054,1,28,670.0139515,188.21942391752145
2025-07-10,685.9359185439532,1,28,658.2483855833333,187.89022044320544
2025-07-11,637.4586207966244,1,28,582.0278668333334,176.75486744622887
2025-07-12,382.88623363979076,1,28,289.93817383333334,150.8364007666329
2025-07-13,551.9218970643298,1,28,428.8902420833333,163.84606565385516
2025-07-14,733.3984423297841,1,28,712.5235826666667,189.27345832693197
2025-07-15,681.0036925555086,1,28,653.4813152083333,187.87989269781568
2025-07-16,708.030988621808,1,29,697.6569773749999,189.4155101089562
2025-07-17,687.1719637940138,1,29,669.7744770833333,188.7041157240381
2025-07-18,752.2045903449841,1,29,736.5069362499999,189.83646089869447
2025-07-19,586.7621817870265,1,29,499.27824574999994,154.56033531422904
2025-07-20,589.8526780088068,1,29,507.2602663333334,159.24495322343154
2025-07-21,681.9732720925999,1,29,656.427870625,187.55706267739225
2025-07-22,590.424941767543,1,29,520.0759048333333,174.46691626605312
2025-07-23,549.4815524000448,1,30,476.06749708333336,173.69806381110894
2025-07-24,766.4465358381187,1,30,753.6999192083332,190.15938063100185
2025-07-25,709.8522730394407,1,30,703.1193979166666,189.59035570541954
2025-07-26,658.6028460958504,1,30,641.5505459583333,188.22314614238203
2025-07-27,610.2434447098185,1,30,569.1947328749999,181.4280151937538
2025-07-28,565.7474341376748,1,30,528.5137052499999,181.46897859539666
2025-07-29,446.4951554190549,1,30,316.143429125,139.27637860433697
2025-07-30,381.111630996404,1,31,327.04277145833333,170.67148158257223
2025-07-31,620.9666863877887,1,31,577.8186855833333,183.79485911945227
2025-08-01,691.817172554297,1,31,676.8261650416665,188.80196207127887
2025-08-02,555.169214635401,1,31,472.3022795,151.56135884672673
2025-08-03,393.25743353943886,1,31,298.25947383333335,163.19608046144089
2025-08-04,462.46439376841977,1,31,376.40375770833333,143.98978566517167
2025-08-05,114.30021914561794,1,31,50.610580166666665,101.27603852814798
2025-08-06,438.2973944419941,1,32,281.01791049999997,141.67781714914378
2025-08-07,611.7447215247471,1,32,512.9908937083333,150.785842438804
2025-08-08,652.547272906551,1,32,555.8090420833333,157.50699148989688
2025-08-09,565.169902124063,1,32,453.95428599999997,166.35843153845826
2025-08-10,523.2770838083802,1,32,415.03328929166656,173.6580327575031
2025-08-11,716.9444106240313,1,32,610.8946875416667,159.40288198325507
2025-08-12,685.9044177094746,1,32,616.9868459166667,174.63416343243105
2025-08-13,795.2598384813562,1,33,729.0046400833331,188.13061151198133
2025-08-14,861.6903631477803,1,33,767.6974095416666,188.9464074111953
2025-08-15,598.0369318880223,1,33,519.5311230416665,167.74763596943163
2025-08-16,523.1416826659506,1,33,438.1919694166666,173.09054690185317
2025-08-17,556.7260735334471,1,33,465.67580358333333,164.55980863518704
2025-08-18,744.5420901807107,1,33,673.9177783749999,185.1946738497567
2025-08-19,642.6842823343051,1,33,593.1284461249999,181.8689922700841
2025-08-20,672.7387903894712,1,34,648.7486398333332,187.8725785076857
2025-08-21,678.0797096772537,1,34,666.5633822916667,188.85951915298745
2025-08-22,572.1131818550735,1,34,513.7183027916666,169.9023968662291
2025-08-23,582.5896288459944,1,34,489.4052419583333,150.90179443593152
2025-08-24,565.2312527614131,1,34,460.5775212083333,171.57853868620518
2025-08-25,752.8866134142203,1,34,652.782151375,176.70636391020543
2025-08-26,787.8331476401295,1,34,747.351256625,189.34102007504882
2025-08-27,835.3356655844459,1,35,785.4786296666665,190.04285123921323
2025-08-28,872.5333625826925,1,35,844.0022142916665,190.95742798286034
2025-08-29,725.9925195944866,1,35,713.0181089583333,189.59924926646406
2025-08-30,586.5568264966125,1,35,520.0592066666667,175.48896484749093
2025-08-31,525.1931764988742,1,35,423.81872658333333,161.50059072557116
2025-09-01,825.9982522632545,1,35,741.7566272083333,187.84726035806403
2025-09-02,990.5897676991775,1,35,897.53551625,190.8486375743961
2025-09-03,531.1916787133069,1,36,447.971748875,166.708132361247
2025-09-04,856.242618518672,1,36,637.1744462083333,165.85135729271798
2025-09-05,751.9361498779067,1,36,733.1417099999999,189.7507269018449
2025-09-06,632.6755413338176,1,36,540.0705519166667,162.67618341572086
2025-09-07,471.49014930446054,1,36,377.02613966666667,148.88260544607482
2025-09-08,1095.4238201357148,1,36,923.2782674583335,190.29587461062724
2025-09-09,1164.8605454536955,1,36,1035.5341335416667,191.80303145832914
2025-09-10,965.6708125479722,1,37,900.377726,191.12039292931667
2025-09-11,578.3210479832502,1,37,484.8249439583333,167.59880316934542
2025-09-12,516.5763879077243,1,37,371.86177425000005,137.05966745310897
2025-09-13,526.3853559995422,1,37,436.92645258333323,151.0719729655406
2025-09-14,588.3815772291828,1,37,481.65396641666666,166.31512894658096
2025-09-15,143.21397795144185,1,37,75.45394004166666,93.56743943096126
2025-09-16,324.1646923585812,1,37,206.84997520833335,125.32125274900991
2025-09-17,556.7406776864334,1,38,477.8169072083333,162.5122018643836
2025-09-18,552.677611589643,1,38,458.29436933333335,163.16097708000393
2025-09-19,949.0073509977516,1,38,702.6031953750002,170.19078333395183
2025-09-20,492.7883832775539,1,38,381.36072237499997,144.9613528132219
2025-09-21,413.85451798743486,1,38,261.4227394583333,138.5902930255967
2025-09-22,712.5632345944131,1,38,693.9919019999999,189.17287309020793
2025-09-23,773.2724007200836,1,38,745.3704684166665,189.77195353569982
2025-09-24,633.5499540412914,1,39,595.2151654166665,185.71401095803398
2025-09-25,637.589233538416,1,39,594.848339,184.71781818330868
2025-09-26,690.5590216333679,1,39,676.44358675,189.00938759784017
2025-09-27,684.0708671174428,1,39,658.4402795,188.08076628163386
2025-09-28,674.293711169355,1,39,626.3677008333333,183.13885957364252
2025-09-29,1119.1074865876717,1,39,960.4536110833333,190.94116569501213
2025-09-30,1117.7127838229464,1,39,989.9076236770834,191.4104570898529
2025-10-01,968.7501472146697,1,40,851.8783886145833,190.0791193243896
2025-10-02,785.0463262238525,1,40,745.6853104270834,189.53254014091428
2025-10-03,500.1891474267587,1,40,429.01965040625004,176.557659608525
2025-10-04,17.65037693451158,1,40,15.477103614583333,127.50262441930668
2025-10-05,63.91226297718681,1,40,35.08925414583334,105.22125904559283
2025-10-06,740.3781043359069,1,40,675.46371928125,181.4038928494745
2025-10-07,1078.6974790681636,1,40,1005.3641945625,191.91102384632933
2025-10-08,891.2330694829694,1,41,859.2543788645834,191.0513386386206
2025-10-09,652.0751867910311,1,41,611.7231533125,186.8991609896912
2025-10-10,474.6012669174556,1,41,460.0567658124999,183.97900930522306
2025-10-11,592.9654137924093,1,41,566.9551795624999,186.46349847498288
2025-10-12,617.3043413140599,1,41,601.6588505833333,187.6068225084437
2025-10-13,1125.760495018825,1,41,1027.36756675,191.9038665329939
2025-10-14,1388.7636932828182,1,41,1237.350402625,193.00099148217828
2025-10-15,1124.6113638398717,1,42,1048.8514775312499,192.2240717573157
2025-10-16,731.8288311200068,1,42,717.260856375,189.63059826066024
2025-10-17,770.9333186660402,1,42,759.6861320625,190.26308323389932
2025-10-18,704.1617801809672,1,42,693.6757316666666,189.36742000016113
2025-10-19,536.7779455673536,1,42,513.8458483854166,184.40251547480867
2025-10-20,527.0362923291553,1,42,510.5461677916666,185.40063442950893
2025-10-21,449.0308318670494,1,42,426.6025838541666,181.42135199421529
2025-10-22,1011.401883393089,1,43,895.7883947395834,190.18991897298181
2025-10-23,563.5463101405245,1,43,536.9440665208333,182.70478077407003
2025-10-24,325.2399017434005,1,43,259.3376198229167,147.4621595794935
2025-10-25,138.8173084642259,1,43,75.50909086458334,106.2540604330587
2025-10-26,119.03860638922708,1,43,70.90654308333335,91.79192703684419
2025-10-27,583.0140727657839,1,43,509.63657533333327,161.77874507069225
2025-10-28,586.567275054535,1,43,530.4621558958333,179.57227830467605
2025-10-29,662.1151709489117,1,44,638.4962406354166,187.98227908048594
2025-10-30,522.8687584267105,1,44,506.17168393749995,185.04545115962293
2025-10-31,681.3900813191244,1,44,662.2208079999999,188.61034554180824
2025-11-01,334.81697672851493,1,44,293.45722702083333,169.6703425222922
2025-11-02,628.7679627725144,1,44,603.93740165625,187.32625225114347
2025-11-03,549.9856720808219,1,44,526.4433315416667,184.2449336825725
2025-11-04,519.7626788196181,1,44,440.68138492708334,165.51467063652882
2025-11-05,685.1333520919685,1,45,657.3791552708334,188.2848550126927
2025-11-06,787.9092972383121,1,45,771.93427015625,190.32280469812602
2025-11-07,830.0321988400561,1,45,808.6192482083334,190.67674448050536
2025-11-08,782.2225326604297,1,45,775.377655625,190.54835388251058
2025-11-09,722.1049590554162,1,45,717.8275836979166,189.8801510363094
2025-11-10,841.704434191074,1,45,817.6033471458333,190.6861541277068
2025-11-11,658.8646672676538,1,45,641.47706828125,188.30774325058047
2025-11-12,358.28527321307706,1,46,328.6730562604167,166.1201037868161
2025-11-13,415.7355089406642,1,46,334.94572194791664,153.0658556240375
2025-11-14,738.7885526988873,1,46,719.48672915625,189.4371090149864
2025-11-15,622.6435356397825,1,46,604.3713832083332,187.4973588269766
2025-11-16,672.7432981198546,1,46,665.3758349374999,189.00124366905163
2025-11-17,663.1419773445718,1,46,647.3883034166666,188.41641490108512
2025-11-18,807.0113955035472,1,46,783.0784833125,190.30588204828643
2025-11-19,911.3049703733606,1,47,883.9870544583333,191.30373395197122
2025-11-20,944.7460715794357,1,47,919.3298511979168,191.64273255189278
2025-11-21,1127.9688355405897,1,47,1065.6926213125,192.36710134068312
2025-11-22,517.6294823747292,1,47,503.6721673020833,185.02840625575007
2025-11-23,448.7445663871073,1,47,415.8367145833333,178.5881944390799
2025-11-24,1085.3511064664392,1,47,1001.9280307812501,191.48033236722594
2025-11-25,1846.0304495590694,1,47,1653.194648,193.9564456576641
2025-11-26,1278.4315466034138,1,48,1186.279045,192.78784294136935
2025-11-27,496.17295969467295,1,48,462.66922751041665,175.92535806740258
2025-11-28,376.3050631710031,1,48,334.291450375,168.99455365959156
2025-11-29,523.8169753443957,1,48,505.0554457395833,184.7958589442526
2025-11-30,363.27607220042825,1,48,342.47826361458334,177.09171283642038
2025-12-01,466.77482875843367,1,48,435.62903568749994,180.06671556060834
2025-12-02,631.0311735375947,1,48,581.1071316666666,184.8157092726832
2025-12-03,1287.836489502085,1,49,1199.01385596875,192.89796273385224
2025-12-04,923.5574832194129,1,49,905.1534107291667,191.63424529930975
2025-12-05,1062.777378000644,1,49,1014.5433656979167,192.0773742410575
2025-12-06,527.2412367836924,1,49,524.389798875,186.38370786725113
2025-12-07,588.4270037036048,1,49,564.3234343854166,185.68581019687127
2025-12-08,426.13049293550375,1,49,391.92050808333335,173.93343686909574
2025-12-09,641.8394072987942,1,49,619.4793507916667,187.55377141499307
2025-12-10,382.1646514256138,1,50,360.51906640625,178.23386452789956
2025-12-11,428.13324033837443,1,50,404.411538,180.2580823696286
2025-12-12,835.0947649588772,1,50,821.6334838124999,190.89592197001826
2025-12-13,628.9427568046887,1,50,619.97533496875,188.12401303751102
2025-12-14,263.94087030930825,1,50,260.0102898854167,173.9685794973853
2025-12-15,538.1313726681368,1,50,502.62036887499994,182.99347792417322
2025-12-16,799.1257140433515,1,50,776.1446584166666,190.21726470864752
2025-12-17,780.4759303185899,1,51,768.4896746145832,190.32197901120276
2025-12-18,451.4129260852744,1,51,424.1850962291666,179.18956972461982
2025-12-19,483.93716766329976,1,51,418.5758071458333,160.18436392746622
2025-12-20,734.7632759819306,1,51,725.5689709479166,189.82641799811333
2025-12-21,654.2067418943927,1,51,650.101868375,188.85643124015166
2025-12-22,604.364868899439,1,51,597.7179607708333,187.8415297832518
2025-12-23,539.7282356369761,1,51,535.0072343020832,186.55258931179299
2025-12-24,509.21483729179965,1,52,503.1382712604166,185.7016053199003
2025-12-25,532.1703599528091,1,52,512.66744528125,185.2808070491063
2025-12-26,716.1518476247539,1,52,709.5647950208335,189.69786649872657
2025-12-27,558.3517244650228,1,52,537.2786404166666,185.61285273737707
2025-12-28,534.0082739392367,1,52,501.0865120104166,181.6642010865732
2025-12-29,472.6347565359184,1,52,419.6049450520832,171.58962993158931
2025-12-30,564.5144416656843,1,52,531.9979619791667,184.713785565297
2025-12-31,622.843933437947,1,53,616.2331526249999,188.17897141705825
